{
    "activation": "1",
    "alpha": 0.0054258075090298265,
    "layer1": 30.0,
    "layer2": 119.0,
    "layer3": 95.0,
    "layer4": 163.0,
    "learning_rate_init": 0.0004953692996769034,
    "random_state": 0
}