{
    "C": 84.07685322903106,
    "gamma": 0.019916461941147708,
    "ktype": "0",
    "random_state": 0
}