{
    "layer1": 90.0,
    "layer2": 21.0,
    "layer3": 94.0,
    "layer4": 85.0,
    "layer5": 44.0,
    "lr": 0.008690668754460293,
    "momentum": 0.6967817867115857,
    "weight_decay": 0.002231770119670795,
    "random_state": 0
}