{
    "activation": "1",
    "alpha": 0.20881636418870672,
    "layer1": 183.0,
    "layer2": 71.0,
    "layer3": 14.0,
    "layer4": 191.0,
    "learning_rate_init": 0.00017106861009818285,
    "random_state": 0
}