{
    "C": 1.497779899701781,
    "gamma": 0.013000856114780471,
    "ktype": "0",
    "random_state": 0
}