{
    "layer1": 79.0,
    "layer2": 87.0,
    "layer3": 23.0,
    "layer4": 100.0,
    "layer5": 49.0,
    "lr": 0.0026249884025080134,
    "momentum": 0.8818447836786465,
    "weight_decay": 0.002280676373160841,
    "random_state": 0
}