{
    "C": 4.862369403625416,
    "gamma": 0.03499040281448042,
    "ktype": "0",
    "random_state": 0
}